italiano	freq	Cat.Gram	english
di	108956	Preposizione	of
e	83354	Congiunzione	and
il	64723	Articolo	the (m.s)
la	60019	Articolo	the (f.s)
a	43135	Preposizione	to
un	42076	Articolo	a (m.s.)
in	38765	Preposizione	in
che	38407	Pronome	that, what (pronoun)
per	37118	Preposizione	for
non	35158	Avverbio	not
una	28986	Articolo	a (f.s)
l'	28957	Articolo	the
i	28404	Articolo	the (m.p)
del	26322	Preposizione	of the (m.s)
è	25589	Verbo	it / he / she is
con	24597	Preposizione	with
le	23550	Articolo	the (f.p)
della	21762	Preposizione	of the (f.s)
da	19552	Preposizione	from
ma	17465	Congiunzione	but
ha	16421	Verbo ausiliare in Tempo composto di un verbo	it / he / she has
più	13825	Avverbio	more
al	12706	Preposizione	to the (m.s)
si	11908	Pronome	one, oneself
dei	11492	Preposizione	of the (m.p)
anche	10972	Avverbio	also, aswell
dell'	10100	Preposizione	of the
nel	10022	Preposizione	in the (m.s)
gli	9775	Articolo	the (masch. before gn, pn, ps, x and z)
come	8779	Avverbio	like, as
alla	8759	Preposizione	to the (f.s)
sono	7677	Verbo	I am, they are
delle	7631	Preposizione	of the (f.p)
o	7538	Congiunzione	or
mi	7088	Pronome	me, to me
se	6817	Congiunzione	if
anni	6802	Sostantivo	years
nella	6425	Preposizione	in the (f.s)
due	6415	Numerale	two
dal	6182	Preposizione	of the (m.s)
suo	5748	Aggettivo	its, his, her (m)
sua	5555	Aggettivo	its, his, her (f)
d'	5420	Preposizione	of
lo	5343	Pronome	the (masch. before gn, pn, ps, x and z)
perché	5294	Congiunzione	why, because
era	5257	Verbo	it / he / she was
un'	5233	Articolo	a
all'	5204	Preposizione	to the
quando	5159	Congiunzione	when
poi	4988	Avverbio	then
hanno	4961	Verbo ausiliare in Tempo composto di un verbo	they have
cui	4787	Pronome	who, which (pronoun)
tra	4699	Preposizione	between, among, within
dalla	4494	Preposizione	of the (f.s)
così	4475	Avverbio	so
solo	4451	Avverbio	only, alone
c'	4398	Avverbio in Verbo	there
ai	4176	Preposizione	to the (m.s)
su	4169	Preposizione	on
sempre	4144	Avverbio	always, forever
dopo	4069	Preposizione	after, afterwards
sul	4050	Preposizione	on the (m.s)
questo	4022	Aggettivo	this [thing] (m.s)
ancora	3999	Avverbio	again, still, yet
alle	3907	Preposizione	to the (f.p)
ad	3887	Preposizione	to (before vowel)
degli	3773	Preposizione	of the (masch. before gn, pn, ps, x and z)
senza	3690	Preposizione	without
lui	3577	Pronome	he
ho	3551	Verbo ausiliare in Tempo composto di un verbo	I have
già	3511	Avverbio	already
aveva	3496	Verbo ausiliare in Tempo composto di un verbo	it / he / she had
può	3376	Verbo	it / he / she can
questa	3344	Aggettivo	this [thing] (f.s)
chi	3331	Pronome	who, the one who
quello	3307	Pronome	that [thing] (m.s)
io	3302	Pronome	I
loro	3292	Aggettivo	they
ed	3278	Congiunzione	and (before vowel)
c'è	3213	Verbo	there is
sulla	3206	Preposizione	on the (f.s)
fare	3033	Verbo	to make
ogni	2971	Aggettivo	every
nell'	2968	Preposizione	in the
molto	2937	Avverbio	much / very much
nei	2837	Preposizione	in the (m.p)
tempo	2795	Sostantivo	time
dove	2786	Congiunzione	where
essere	2775	Verbo	to be
vita	2764	Sostantivo	life
ne	2748	Pronome	of him / her / it, any
grande	2731	Aggettivo	large
tre	2723	Numerale	three
mai	2681	Avverbio	never
dall'	2637	Preposizione	of the
ci	2606	Pronome	us, about it
casa	2583	Sostantivo	house, home
lei	2581	Pronome	she
qualche	2573	Aggettivo	some, a few
fatto	2519	Verbo in Tempo composto di un verbo	made
oggi	2439	Avverbio	today
nelle	2424	Preposizione	in the (f.p)
anno	2401	Sostantivo	year
proprio	2391	Avverbio	just (exactly), one's own
invece	2380	Avverbio	instead
suoi	2337	Aggettivo	its / his / her (m.p)
mentre	2288	Congiunzione	while
volta	2275	Sostantivo	(one) time, once
dai	2271	Preposizione	of the (m.p)
tutti	2262	Pronome	all, everyone
però	2248	Congiunzione	but, however
parte	2245	Sostantivo	part
quel	2224	Aggettivo	that
quella	2179	Pronome	that (f.s)
ieri	2175	Avverbio	yesteday
stato	2167	Verbo ausiliare in Tempo composto di un verbo	been
mondo	2158	Sostantivo	world
fa	2141	Verbo	it / he / she makes
forse	2135	Avverbio	maybe
uno	2112	Pronome	one
ora	2107	Avverbio	hour, now
giorno	2077	Sostantivo	day
quasi	2026	Avverbio	roughly, almost, nearly
dice	2018	Verbo	it / he / she says
me	1999	Pronome	me, to me
mia	1998	Aggettivo	my (f.s)
primo	1994	Aggettivo	first, early
mio	1989	Aggettivo	my (m.s)
noi	1984	Pronome	we, us
giorni	1975	Sostantivo	days
uomo	1959	Sostantivo	man
prima	1954	Aggettivo	before, beforehand
tutto	1944	Pronome	all, everything
contro	1917	Preposizione	against
fra	1910	Preposizione	between, among, within
dalle	1833	Preposizione	of the (f.p)
qui	1826	Avverbio	(right) here
presidente	1800	Sostantivo	president
lavoro	1775	Sostantivo	I work, work
modo	1771	Sostantivo	manner, way
detto	1767	Verbo in Tempo composto di un verbo	said
fino	1748	Preposizione in Preposizione	until, up to, as far as,
altri	1700	Aggettivo	others
dire	1662	Verbo	to say
città	1633	Sostantivo	city
infatti	1621	Congiunzione	indeed, in fact
soprattutto	1580	Avverbio	above all, especially
ti	1563	Pronome	you, to you
secondo	1560	Preposizione	second
sue	1558	Aggettivo	its / his / hers (f.p)
sta	1557	Verbo	it / he / she stands (is + gerund)
quale	1550	Pronome in Pronome	which, what
dello	1547	Preposizione	of the (m.s) 
stesso	1544	Aggettivo	same
negli	1519	Preposizione	in the (m.p)
sulle	1513	Preposizione	one the (f.p)
questi	1508	Aggettivo	this (m.p)
governo	1492	Sostantivo	government
bene	1481	Avverbio	well
sotto	1470	Preposizione	below, down
deve	1464	Verbo	it / he / she must
nuovo	1428	Aggettivo	new
verso	1418	Preposizione	line, way, manner
storia	1414	Sostantivo	history, story
momento	1408	Sostantivo	moment
soltanto	1405	Avverbio	only, just
sarà	1405	Verbo	it / he / she will be
sui	1399	Preposizione	on the (m.p)
avrebbe	1395	Verbo ausiliare in Tempo composto di un verbo	it / he / she would have
punto	1389	Sostantivo	point, toe
stata	1378	Verbo ausiliare in Tempo composto di un verbo	been
quelli	1357	Pronome	that (m.p)
altro	1344	Aggettivo	other, else
abbiamo	1335	Verbo ausiliare in Tempo composto di un verbo	we have
quindi	1331	Congiunzione	so, therefore
no	1327	Avverbio	no
tutte	1319	Aggettivo	all
sembra	1312	Verbo	it / he / she seems
meno	1311	Avverbio	less
subito	1304	Avverbio	immediately, at once
ex	1295	Aggettivo	former
nessuno	1293	Pronome	nobody, anyone
quattro	1291	Numerale	four
mesi	1289	Sostantivo	months
donna	1285	Sostantivo	woman
persone	1276	Sostantivo	persons
uomini	1269	Sostantivo	men
adesso	1256	Avverbio	now
li	1254	Pronome	them
padre	1254	Sostantivo	father
caso	1254	Sostantivo	case, chance
agli	1250	Preposizione	of the (m.p)
cose	1250	Sostantivo	things
cento	1241	Numerale	one hundred
troppo	1240	Avverbio	too much
film	1215	Sostantivo	film
pò	1210	Sostantivo in Avverbio	few, little, not much
vero	1209	Aggettivo	true
ormai	1200	Avverbio	now, by this time, by now
un pò	1198	Avverbio	a little
paese	1196	Sostantivo	country
ben	1190	Avverbio	well
anche se	1183	Congiunzione	also / even /  if, although
ore	1177	Sostantivo	hours
e' stato	1176	Verbo	<TEXT>
sull'	1173	Preposizione	on the
cosa	1163	Sostantivo	thing
sera	1160	Sostantivo	evening
nuova	1159	Aggettivo	new, news
ciò	1153	Pronome	that, this (demonstrative pronoun)
avuto	1150	Verbo in Tempo composto di un verbo	had
almeno	1144	Avverbio	at least
erano	1143	Verbo	they were
milioni	1131	Numerale	million
grandi	1131	Aggettivo	large
famiglia	1130	Sostantivo	family
né	1129	Congiunzione	neither
sia	1128	Verbo	might be, both
altra	1120	Aggettivo	other
miliardi	1119	Numerale	one billion (one thousand million)
nostro	1110	Aggettivo	our
queste	1108	Aggettivo	this (f.p)
sì	1105	Avverbio	yes
avere	1100	Verbo	to have
altre	1099	Aggettivo	others
spesso	1097	Avverbio	often, frequently
amore	1097	Sostantivo	to love
meglio	1085	Avverbio	best, better
possono	1082	Verbo	they can
società	1078	Sostantivo	society
sarebbe	1065	Verbo ausiliare in Tempo composto di un verbo	it / he / she would be
poco	1059	Avverbio	a little, a few
qualcosa	1059	Pronome	something
mila	1059	Numerale	thousand
allora	1057	Congiunzione	so
lire	1053	Sostantivo	lire
tutta	1052	Aggettivo	all
alcuni	1050	Aggettivo	some, any
viene	1042	Verbo ausiliare in Tempo composto di un verbo	it / he / she comes
gente	1041	Sostantivo	people
disse	1040	Verbo	it / he / she said (remote)
notte	1039	Sostantivo	night
col	1025	Preposizione	with the (m.p)
stessa	1024	Aggettivo	same
legge	1021	Sostantivo	law
donne	1020	Sostantivo	women
madre	1018	Sostantivo	mother
possibile	1002	Aggettivo	possible
ci sono	997	Verbo	ther are
va	995	Verbo	it / he / she goes
posto	990	Sostantivo	place, room, space
problema	989	Sostantivo	problem
tanto	988	Avverbio	a lot
mano	982	Sostantivo	hand
ministro	978	Sostantivo	minister
occhi	972	Sostantivo	eyes
gruppo	971	Sostantivo	group
potrebbe	969	Verbo	it / he / she could
quanto	965	Pronome	how much
certo	961	Avverbio	certain
esempio	959	Sostantivo in Avverbio	example
durante	953	Preposizione	for, during
fine	953	Sostantivo	end, conclusion
dunque	947	Congiunzione	therefore
sistema	947	Sostantivo	system
acqua	945	Sostantivo	water
vedere	944	Verbo	to see
ha detto	943	Verbo	it / he / she has said
problemi	938	Sostantivo	problems
strada	932	Sostantivo	street
numero	926	Sostantivo	number
siamo	925	Verbo	we are
cinque	924	Numerale	five
davanti	921	Avverbio in Preposizione	in front, ahead, opposite
nostra	916	Aggettivo	our
nulla	910	Pronome	nothing
stati	907	Verbo ausiliare in Tempo composto di un verbo	been
moglie	897	Sostantivo	wife
qualcuno	897	Pronome	somone
testa	896	Sostantivo	head
parole	895	Sostantivo	parole
centro	894	Sostantivo	centre, middle
comunque	893	Avverbio	anyway, though, in any case
molti	891	Aggettivo	many
terra	889	Sostantivo	earth, ground, territory
volte	888	Sostantivo	times
nome	884	Sostantivo	name
andare	883	Verbo	to go
capo	882	Sostantivo	boss, head
ecco	879	Avverbio	here, there
guerra	875	Sostantivo	war
scorso	867	Aggettivo	last
ha fatto	865	Verbo	it / he / she has made
cioè	861	Congiunzione	namely, i.e.
sa	860	Verbo	it / he / she knows
ultimo	855	Aggettivo	last, latest, final,
fu	853	Verbo	it / he / she was (remote)
fanno	853	Verbo	they made
consiglio	852	Sostantivo	advice
vuole	840	Verbo	it / he / she wants
dare	839	Verbo	to say
pochi	830	Aggettivo	a little bit, very little
senso	827	Sostantivo	sense, feeling
dagli	824	Preposizione	of the (m.p)
figlio	823	Sostantivo	son
bisogno	810	Sostantivo	need
visto	808	Verbo in Tempo composto di un verbo	seen
morte	799	Sostantivo	death
tempi	799	Sostantivo	times
situazione	797	Sostantivo	situation
avevano	791	Verbo ausiliare in Tempo composto di un verbo	they had
tu	790	Pronome	you
piano	789	Sostantivo	floor, plan, plane, level
appena	786	Avverbio	just, barely
difficile	785	Aggettivo	difficult
campo	783	Sostantivo	field, camp
piccolo	780	Aggettivo	little, small
prima di	779	Preposizione	before, until, previous
quelle	778	Pronome	this (f.p)
squadra	766	Sostantivo	team
bambini	765	Sostantivo	children, babies
parlare	764	Verbo	to speak
aria	763	Sostantivo	air
davvero	760	Avverbio	truly, indeed, really
idea	758	Sostantivo	idea, plan
voce	757	Sostantivo	voice
figli	755	Sostantivo	children, kids, sons and daughters
allo	752	Preposizione	to the (m.s)
c'era	752	Verbo	there was
dieci	752	Numerale	ten
dato	747	Verbo in Tempo composto di un verbo	given
quali	744	Pronome in Pronome	which (m.p)
niente	744	Pronome	nothing, anything
gran	743	Aggettivo	grand
fino a	739	Preposizione	until, up to, as far as
corpo	739	Sostantivo	body
tipo	738	Sostantivo	type, kind, sort
quest'	737	Aggettivo	this
bisogna	726	Verbo	need, matter, business
sei	726	Numerale	six
oltre	719	Preposizione	beyond, over
conto	719	Sostantivo	count, calculation
minuti	718	Sostantivo	minutes
spiega	716	Verbo	it / he / she shows, explain
ultimi	714	Aggettivo	last, latest
serie	708	Sostantivo	series / serial
mese	708	Sostantivo	month
circa	707	Avverbio	around, about, approximately
importante	707	Aggettivo	important
marito	706	Sostantivo	husband
gioco	706	Sostantivo	game, play, fun
politica	706	Sostantivo	politics, policy
ultima	700	Aggettivo	last, latest
crisi	694	Sostantivo	crises
polizia	693	Sostantivo	police
e' stata	688	Verbo	<TEXT>
direttore	685	Sostantivo	dircetor
attraverso	685	Preposizione	across, through
successo	678	Sostantivo	success
amici	676	Sostantivo	freinds
scuola	676	Sostantivo	school
quei	676	Aggettivo	this (before a consonant followed by a vowel and before fptcvbdg)
quell'	675	Aggettivo	this
settimana	674	Sostantivo	week
mercato	671	Sostantivo	market
che cosa	669	Pronome	what
oppure	665	Congiunzione	or rather, or else
insomma	665	Avverbio	in sum, in short
dovrebbe	661	Verbo	it / he / she should
forte	659	Aggettivo	strong, intensive, hard, loud
alcune	659	Aggettivo	some, any
so	657	Verbo	I know
lì	655	Avverbio	there
attività	653	Sostantivo	activity
giovane	652	Aggettivo	young
programma	649	Sostantivo	programme
sindaco	648	Sostantivo	mayor
parla	644	Verbo	it / he / she speaks
partito	644	Sostantivo	party, match
nuove	643	Aggettivo	new
insieme	641	Avverbio	together
seconda	639	Aggettivo	second
libro	637	Sostantivo	book
dovuto	637	Verbo in Tempo composto di un verbo	had to
paura	636	Sostantivo	fear
fosse	635	Verbo	it / he / she might be, were to be
persona	633	Sostantivo	person
primi	633	Aggettivo	first
bella	632	Aggettivo	beautiful, lovely
trovare	632	Verbo	to find
rapporto	631	Sostantivo	report
stava	631	Verbo	it / he / she stood
cuore	630	Sostantivo	heart
basta	629	Verbo	enough
per esempio	629	Avverbio	for example
mattina	628	Sostantivo	morning
poteva	628	Verbo	it / he / she could, was able to
paesi	625	Sostantivo	countries, villages
propria	618	Aggettivo	just, exact
miei	618	Aggettivo	my (m.p)
passato	617	Sostantivo	past
periodo	611	Sostantivo	period, span
buona	609	Aggettivo	good
cinema	609	Sostantivo	cinema
tratta	606	Verbo	it / he / she trades, handles, deals with
nuovi	604	Aggettivo	new
auto *	604	Sostantivo	car
metri	602	Sostantivo	metres
mani	600	Sostantivo	hands
ragazzi	599	Sostantivo	boys and girls, guys
ordine	599	Sostantivo	order
rispetto	599	Sostantivo in Preposizione	respect, compared
capire	598	Verbo	to understand
forza	597	Sostantivo	force, strength
italiana	597	Aggettivo	italian
messo	595	Verbo in Tempo composto di un verbo	put, placed
ruolo	595	Sostantivo	part, role
mare	585	Sostantivo	sea
te	585	Pronome	you, to you
luce	585	Sostantivo	light
possibilità	584	Sostantivo	possibility
potuto	583	Verbo in Tempo composto di un verbo	been able to
vi	581	Pronome	you all
nello	580	Preposizione	in the
deciso	579	Verbo in Tempo composto di un verbo	decided
pubblico	579	Sostantivo	public
sapere	578	Verbo	to know
servizio	577	Sostantivo	service
genitori	576	Sostantivo	parents
mettere	574	Verbo	to put, to place
amico	574	Sostantivo	friend
zona	573	Sostantivo	zone, region, area
intanto	569	Avverbio	meanwhile
credo	568	Verbo	I believe
unico	567	Aggettivo	only, sole, single
s'	566	Pronome	one, oneself
pensare	564	Verbo	to think
ragazza	563	Sostantivo	girl
potere	562	Sostantivo	can, to be able to
pure	561	Avverbio	too, also, as well
vivere	560	Verbo	to live
camera	559	Sostantivo	room, chamber
fuoco	559	Sostantivo	fire
tanti	559	Aggettivo	lots
fronte	558	Sostantivo in Preposizione	front, façade
grazie	558	Interiezione in Preposizione	thank you
segretario	557	Sostantivo	secretary
molte	556	Aggettivo	much, many, very
facile	556	Aggettivo	easy
parola	553	Sostantivo	word
fuori	553	Avverbio	outside
arte	552	Sostantivo	art
nostri	550	Aggettivo	our (m.p)
porta	549	Sostantivo	door, gate, gateway
generale	547	Aggettivo	generak
via	547	Avverbio	road, way, street
scelta	544	Sostantivo	choice, option
età	542	Sostantivo	age, era
piedi	539	Sostantivo	feet
infine	538	Avverbio	lastly, finally
futuro	537	Sostantivo	future
nemmeno	537	Avverbio	neither, nor, not even
resta	537	Verbo	it / he / she stays, remains
maggioranza	533	Sostantivo	majority
mezzo	533	Aggettivo	half, middle
signora	533	Sostantivo	woman, mrs.
partiti	529	Sostantivo	parties
devono	529	Verbo	they must
trovato	527	Verbo in Tempo composto di un verbo	found
metà	526	Sostantivo	half, middle
tuttavia	525	Congiunzione	however, nevertheless
spazio	525	Sostantivo	space
musica	525	Sostantivo	music
anzi	524	Congiunzione	rather, on the contrary, quite the opposite
addirittura	522	Avverbio	"even, ""no, really"""
voglio	522	Verbo	I want
italiano	521	Aggettivo	italian
natura	520	Sostantivo	nature
presto	520	Avverbio	early, soon
sinistra	520	Sostantivo	left
estate	520	Sostantivo	summer
verità	519	Sostantivo	truth
forma	519	Sostantivo	shape form
risposta	517	Sostantivo	repsonse, answer
macchina	516	Sostantivo	machine, car
condizioni	516	Sostantivo	conditions
stanno	515	Verbo	they stand
sola	514	Aggettivo	alone, lone
bambino	514	Sostantivo	baby
soldi	513	Sostantivo	money, coins
prendere	513	Verbo	to take
doveva	513	Verbo	it / he / she had to
pomeriggio	513	Sostantivo	afternoon
possa	513	Verbo	I / you / it / he / she might be able to
chiesto	510	Verbo in Tempo composto di un verbo	asked
ero	509	Verbo	I was
stagione	509	Sostantivo	season
cultura	508	Sostantivo	culture
buon	507	Aggettivo	good
luogo	507	Sostantivo	place
ragione	505	Sostantivo	reason
politico	501	Aggettivo	plolitical
ragazzo	500	Sostantivo	boy
scena	500	Sostantivo	stage, scene
casi	499	Sostantivo	cases
vecchio	499	Aggettivo	old
preso	499	Verbo in Tempo composto di un verbo	taken
unica	498	Aggettivo	only, sole 
vengono	496	Verbo ausiliare in Tempo composto di un verbo	they go
ricerca	494	Sostantivo	research
posso	491	Verbo	I can
incontro	491	Sostantivo	encounter, meeting, reunion
inoltre	489	Avverbio	besided, moreover, further, furthermore, in addition
domenica	489	Sostantivo	Sunday
figlia	489	Sostantivo	daughter
trova	487	Verbo	it / he / she finds
linea	487	Sostantivo	line
lungo	486	Aggettivo	long
immagine	485	Sostantivo	image, picture, illustration
attenzione	484	Sostantivo	attention
egli	484	Pronome	he
sette	484	Numerale	seven
diversi	481	Aggettivo	different, various
avanti	481	Avverbio	forward(s), ahead
diverse	479	Aggettivo	different, various
giornata	479	Sostantivo	day
giovani	478	Sostantivo	young
arriva	477	Verbo	it / he / she arrives, gets to
come se	477	Congiunzione	as if
tale	477	Aggettivo	such
punti	476	Sostantivo	points, toes
voleva	476	Verbo	it / he / she wanted
realtà	475	Sostantivo	reality
vera	474	Aggettivo	true, real
specie	473	Sostantivo	species, strain, kind, sort
sangue	473	Sostantivo	blood
ufficio	473	Sostantivo	office
parlamento	471	Sostantivo	parliament
pare	470	Verbo	it / he / she appears, seems, looks
nazionale	470	Aggettivo	national
colpo	469	Sostantivo	blow, hit, strike
racconta	469	Verbo	it / he / she tells
sole	469	Sostantivo	sun
esperienza	468	Sostantivo	experience
piccola	467	Aggettivo	small, little
titolo	467	Sostantivo	title
continua	466	Verbo	it / he / she continue, carry on
nonostante	466	Preposizione	despite, in spite of, notwithstanding
naturalmente	465	Avverbio	"naturally, ""of course!"""
questione	463	Sostantivo	matter, issue;
sicurezza	463	Sostantivo	safety, security
sociale	463	Aggettivo	social
potrà	462	Verbo	it / he / she will be able to
state	461	Verbo ausiliare in Tempo composto di un verbo	been (f.p) 
letto	460	Sostantivo	bed
difficoltà	460	Sostantivo	diffiulty
dicono	459	Verbo	they say
processo	458	Sostantivo	process
finalmente	458	Avverbio	"finally, ""at last!"""
studio	458	Sostantivo	study
carabinieri	456	Sostantivo	State Police
progetto	456	Sostantivo	project, plan
semplice	456	Aggettivo	simple, straightforward
risultato	453	Sostantivo	result, score
tante	452	Aggettivo	many, a lot
tv *	452	Sostantivo	television
capitale	451	Sostantivo	capital
piccoli	451	Aggettivo	little, small
prossimo	449	Aggettivo	next
risultati	449	Sostantivo	results
campagna	448	Sostantivo	countryside
fece	448	Verbo	it / he / she made (remote)
internazionale	448	Aggettivo	international
sé	447	Pronome	oneself
voi	447	Pronome	you all
di più	446	Avverbio	more, once more
fondo	446	Sostantivo	end, bottom, back
rischio	445	Sostantivo	risk, hazard
rapporti	445	Sostantivo	reports
evitare	444	Verbo	avoid
diritto	444	Sostantivo	right, eligibility
faceva	444	Verbo	it / he / she made
grado	443	Sostantivo in Aggettivo	degree
teatro	442	Sostantivo	theatre
in grado	442	Aggettivo	able
posizione	442	Sostantivo	position
abbia	442	Verbo ausiliare in Tempo composto di un verbo	I / you / it / he / she might have
comune	442	Sostantivo	common, council
dietro	441	Preposizione	behind
francese	441	Aggettivo	french
voluto	441	Verbo in Tempo composto di un verbo	wanted
intorno	440	Avverbio in Preposizione	around, round
lunga	440	Aggettivo	long
spettacolo	439	Sostantivo	play, show
maggiore	439	Aggettivo	greater, bigger
stessi	438	Aggettivo	same
giugno	438	Sostantivo	June
intervento	437	Sostantivo	intervention
eppure	436	Congiunzione	(and) yet, still, but
avevo	436	Verbo ausiliare in Tempo composto di un verbo	I had
presenza	435	Sostantivo	presence
controllo	434	Sostantivo	control, command, check
ipotesi	434	Sostantivo	guess
settembre	434	Sostantivo	September
chiesa	434	Sostantivo	church
calcio	434	Sostantivo	football
inizio	433	Sostantivo	beginning, start
diventare	432	Verbo	to become
pubblica	432	Aggettivo	public
neppure	431	Avverbio	neither, nor, not even
arrivare	430	Verbo	to get to, to arrive
forze	430	Sostantivo	forces
matrimonio	429	Sostantivo	marriage, wedding
sembrava	429	Verbo	it / he / she seemed
giro	429	Sostantivo	turn, spin, ride
vista	428	Sostantivo	view
qualsiasi	428	Aggettivo	whatever, whichever
agosto	428	Sostantivo	August
dovrà	427	Verbo	it / he / she will have to
ambiente	426	Sostantivo	environment, background
livello	425	Sostantivo	level
carta	425	Sostantivo	card
luglio	425	Sostantivo	july
mamma	424	Sostantivo	mummy
riguarda	424	Verbo	it / he / she concerns, applies to
ministero	423	Sostantivo	government, ministry
alta	423	Aggettivo	high, tall
opera	422	Sostantivo	work
tuo	422	Aggettivo	your (m.s)
occasione	421	Sostantivo	occasion
magari	420	Avverbio	maybe
poche	420	Aggettivo	few, not many (f.p)
stampa	420	Sostantivo	printing, print
accordo	419	Sostantivo	agreement, deal
nessun	419	Aggettivo	nobody, anybody
difesa	418	Sostantivo	defence
commissione	418	Sostantivo	commision, board, committee
qualità	414	Sostantivo	quality
tua	413	Aggettivo	your (f.s)
valore	412	Sostantivo	value
alto	412	Aggettivo	high, tall
prova	412	Sostantivo	proof
dà	412	Verbo	it / he / she gives
viaggio	411	Sostantivo	journey
diventa	411	Verbo	it / he / she becomes
azione	410	Sostantivo	action
regista	410	Sostantivo	director
ospedale	409	Sostantivo	hospital
persino	409	Avverbio	even
piuttosto	408	Avverbio	instead, rather, fairly
alla fine	407	Avverbio	at the end of
partita	407	Sostantivo	<TEXT>
decisione	406	Sostantivo	decision
atto	405	Sostantivo	act, deed
elezioni	405	Sostantivo	election
uso	404	Sostantivo	I use
moda	404	Sostantivo	fashion, trend
interesse	403	Sostantivo	interest
probabilmente	403	Avverbio	likely, probably
pace	401	Sostantivo	peace
di nuovo	401	Avverbio	again, anew, afresh
hai	398	Verbo ausiliare in Tempo composto di un verbo	you have
pelle	398	Sostantivo	skin
lasciato	397	Verbo in Tempo composto di un verbo	dropped, left, let go of
spalle	396	Sostantivo	shoulders
libertà	393	Sostantivo	liberty
nessuna	393	Aggettivo	nobody, anybody
secolo	393	Sostantivo	century
otto	392	Numerale	eight
elettorale	389	Aggettivo	<TEXT>
parlato	389	Verbo in Tempo composto di un verbo	spoken
ha avuto	388	Verbo	it / he / she has had
oro	388	Sostantivo	gold
genere	387	Sostantivo	gender, kind, type
entro	387	Preposizione	within, inside, by
portato	387	Verbo in Tempo composto di un verbo	brought
passo	387	Sostantivo	step, pace, passage
accanto	386	Avverbio in Preposizione	nearby, by, next
domani	385	Avverbio	tomorrow
voglia	385	Sostantivo	to might want (singular)
corsa	384	Sostantivo	run, running
perdere	384	Verbo	to lose
carcere	384	Sostantivo	jail
terzo	383	Aggettivo	third
repubblica	383	Sostantivo	republic
capelli	383	Sostantivo	hair
gennaio	383	Sostantivo	January
fortuna	382	Sostantivo	luck, fortune
mente	382	Sostantivo	mind
fino al	382	Preposizione	until the
lettera	381	Sostantivo	letter
esiste	381	Verbo	it / he / she exists
sabato	381	Sostantivo	Saturday
festa	381	Sostantivo	holiday, party
vede	381	Verbo	it / he / she sees
chilometri	379	Sostantivo	kilometres
giustizia	379	Sostantivo	justice, fairness
soluzione	378	Sostantivo	solution
violenza	378	Sostantivo	violence
operazione	378	Sostantivo	operation
sogno	377	Sostantivo	dream
re	377	Sostantivo	king
in realtà	376	Avverbio	actually, in reality
significa	376	Verbo	it / he / she means
giusto	372	Aggettivo	fair, right
passare	372	Verbo	to go past
dati	371	Sostantivo	dates
italiani	370	Sostantivo	<TEXT>
facendo	369	Verbo	making
il quale	369	Pronome	who, that (relative pronoun)
gara	368	Sostantivo	<TEXT>
segno	368	Sostantivo	mark, sign
settore	367	Sostantivo	sector, seats, field
giudice	366	Sostantivo	judge
voto	366	Sostantivo	<TEXT>
male	366	Sostantivo	evil, ill
prime	364	Aggettivo	before, back, previous
resto	363	Sostantivo	rest, remainder
entrare	363	Verbo	to enter
guida	362	Sostantivo	direction, guidance
parti	362	Sostantivo	parts
chiaro	362	Aggettivo	clear
bel	361	Aggettivo	lovely
destra	360	Sostantivo	right
pieno	360	Aggettivo	full
lavorare	359	Verbo	to work
impegno	359	Sostantivo	commitment
piace	358	Verbo	it / he / she pleases, is pleasing
servizi	358	Sostantivo	services
settimane	358	Sostantivo	weeks
corso	358	Sostantivo	course, class
paio	358	Sostantivo	pair, couple
mie	357	Aggettivo	my (m.p)
libri	357	Sostantivo	books
portare	356	Verbo	to bring
comunità	356	Sostantivo	community
chiede	356	Verbo	it / he / she asks
base	355	Sostantivo in Preposizione	foundation, base
maggio	355	Sostantivo	May
coppia	354	Sostantivo	couple
vicenda	354	Sostantivo	affair, event
tornare	354	Verbo	to return, to go back
ritorno	353	Sostantivo	return, comeback
inchiesta	353	Sostantivo	inquiry, case
ricorda	352	Verbo	it / he / she remembers
speranza	351	Sostantivo	hope, prospect
diverso	350	Aggettivo	different, various
siano	350	Verbo	they might be
palazzo	350	Sostantivo	palace, apartment block
cominciato	349	Verbo in Tempo composto di un verbo	started
migliore	349	Aggettivo	better
silenzio	348	Sostantivo	silence
ottobre	348	Sostantivo	October
abbastanza	348	Avverbio	quite, enough
poiché	348	Congiunzione	as, since, forasmuch as 
stanza	348	Sostantivo	room
aprile	348	Sostantivo	April
sugli	348	Preposizione	on the (m.p)
riesce	347	Verbo	it / he / she manages, succeeds
pronto	347	Aggettivo	ready, prompt
vittoria	347	Sostantivo	victory
breve	347	Aggettivo	brief, short
fiducia	346	Sostantivo	confidence, trust, belief, faith
giornali	346	Sostantivo	newspaper
mille	345	Numerale	one thousand
capacità	345	Sostantivo	capacity
neanche	344	Avverbio	not even
fratello	342	Sostantivo	brother
essa	341	Pronome	she, it (f.s)
dallo	341	Preposizione	from the (m.s)
protagonista	340	Sostantivo	protagonist
domanda	340	Sostantivo	question, application
responsabilità	339	Sostantivo	responsibility
certi	339	Aggettivo	certain
carriera	339	Sostantivo	career
vecchia	338	Aggettivo	old
amministrazione	338	Sostantivo	administration
case	338	Sostantivo	houses, buildings
prezzo	338	Sostantivo	price
indagini	337	Sostantivo	<TEXT>
conti	336	Sostantivo	counts, bills
chiama	335	Verbo	it / he / she calls
nord	334	Sostantivo	North
scritto	334	Verbo in Tempo composto di un verbo	written
provincia	334	Sostantivo	province
produzione	334	Sostantivo	prduction
farsi	334	Verbo	to make oneself
piena	334	Aggettivo	full
sguardo	333	Sostantivo	look gaze
pensa	333	Verbo	it / he / she thinks
effetto	333	Sostantivo	effect
americano	333	Aggettivo	american
lavori	332	Sostantivo	you work
traffico	332	Sostantivo	<TEXT>
tardi	332	Avverbio	late
giudici	331	Sostantivo	<TEXT>
strade	331	Sostantivo	streets
avrebbero	331	Verbo ausiliare in Tempo composto di un verbo	they would have
necessario	331	Aggettivo	necessary
completamente	330	Avverbio	completely, totally, altogether
farlo	330	Verbo	to make it / him
penso	330	Verbo	I think
personaggi	330	Sostantivo	characters, figures
gol	329	Sostantivo	<TEXT>
importanti	329	Aggettivo	important
ad esempio	329	Avverbio	as example
pensato	328	Verbo in Tempo composto di un verbo	thought
perfino	328	Avverbio	even (including)
capito	328	Verbo in Tempo composto di un verbo	understood
attuale	327	Aggettivo	current, present, existing
in particolare	327	Avverbio	in particular
nero	326	Aggettivo	black
epoca	326	Sostantivo	epoch, time
confronti	326	Sostantivo in Preposizione	comparisons, contests, matches
felice	325	Aggettivo	easy
area	325	Sostantivo	area, region
movimento	325	Sostantivo	moviment
ottenere	325	Verbo	to obtain
riuscito	324	Verbo in Tempo composto di un verbo	managed
lascia	324	Verbo	it / he / she left, let go
certa	324	Aggettivo	certain
vive	324	Verbo	it / he / she lives
diceva	323	Verbo	it / he / she said
motivo	323	Sostantivo	reason, cause
sede	323	Sostantivo	centre, base
occhio	322	Sostantivo	eye
particolare	322	Aggettivo in Avverbio	particular, especially
stile	322	Sostantivo	style
certamente	322	Avverbio	certainly
autore	322	Sostantivo	author
cercare	322	Verbo	to search
vogliono	321	Verbo	the want
dollari	321	Sostantivo	dollars
presso	321	Preposizione	to, by, beside, next to
sesso	320	Sostantivo	sex
fatti	320	Sostantivo	facts
denaro	320	Sostantivo	money
finora	319	Avverbio	so far, until now
sport	319	Sostantivo	sport
dicembre	318	Sostantivo	december
richiesta	318	Sostantivo	request, claim
c'erano	318	Verbo	there were
proposta	318	Sostantivo	suggestion, proposal
uscire	318	Verbo	to exit
peso	318	Sostantivo	weight
gruppi	317	Sostantivo	groups
possiamo	317	Verbo	we can
salute	317	Sostantivo	health
signor	317	Sostantivo	<TEXT>
faccia	317	Sostantivo	it / he / she might make
perso	317	Verbo in Tempo composto di un verbo	forgotten
nostre	317	Aggettivo	our (f.p)
sala	316	Sostantivo	hall, room
serata	316	Sostantivo	evening
naturale	316	Aggettivo	natural
sostiene	316	Verbo	it / he / she supports, bears, carries
avrei	315	Verbo ausiliare in Tempo composto di un verbo	I would have
economica	315	Aggettivo	<TEXT>
immagini	314	Sostantivo	images
notizia	314	Sostantivo	news, information
rete	314	Sostantivo	<TEXT>
azienda	314	Sostantivo	firm, company, business
foto *	314	Sostantivo	<TEXT>
vuol	314	Verbo	it / he / she wants
giocare	313	Verbo	to play
vale	313	Verbo	it / he / she is worth
saranno	312	Verbo	they will be
a volte	312	Avverbio	at times, sometimes
simile	311	Aggettivo	similar
personaggio	311	Sostantivo	character
inglese	310	Aggettivo	english
regione	310	Sostantivo	<TEXT>
potrebbero	309	Verbo	they could
avvocato	309	Sostantivo	solicitor, lawyer
marzo	309	Sostantivo	March
dobbiamo	309	Verbo	we must
regole	307	Sostantivo	rule
colori	306	Sostantivo	colours
perciò	306	Congiunzione	therefore, so, for this reason
stare	306	Verbo	to stand
impossibile	306	Aggettivo	impossible
direzione	306	Sostantivo	direction
prodotti	305	Sostantivo	<TEXT>
avesse	305	Verbo ausiliare in Tempo composto di un verbo	<TEXT>
tenere	305	Verbo	to hold, to keep
vanno	304	Verbo	they go
medico	304	Sostantivo	medic
sentire	304	Verbo	to here, to feel
necessità	304	Sostantivo	necessity
fin	304	Preposizione in Preposizione	until, till
lasciare	303	Verbo	to leave, to let go of
risponde	303	Verbo	it / he / she answers
sviluppo	303	Sostantivo	development
appunto	303	Avverbio	exactly, precisely
discorso	302	Sostantivo	speech, talk
affrontare	302	Verbo	to face, to confront
mondiale	302	Aggettivo	global, worldwide
opere	302	Sostantivo	<TEXT>
cittadini	301	Sostantivo	<TEXT>
arrivato	301	Verbo in Tempo composto di un verbo	arrived
rimasto	301	Verbo in Tempo composto di un verbo	remained, stayed
idee	300	Sostantivo	idea, plan
giudizio	300	Sostantivo	judgment, opinion
anch'	299	Avverbio	also
cerca	299	Verbo	it / he /she searches
essi	299	Pronome	<TEXT>
devo	298	Verbo	<TEXT>
vorrei	298	Verbo	I would like
famiglie	298	Sostantivo	families
varie	298	Aggettivo	varied, various
iniziativa	297	Sostantivo	initiative
aspetto	297	Sostantivo	aspect, appearance
pensiero	297	Sostantivo	thought
bocca	297	Sostantivo	mouth
aiuto	297	Sostantivo	help
pagine	296	Sostantivo	pages
dolore	296	Sostantivo	<TEXT>
desiderio	296	Sostantivo	wish, desire
nomi	296	Sostantivo	names
fiori	296	Sostantivo	outside
sud	295	Sostantivo	South
interno	295	Sostantivo in Preposizione	interior, inside
attore	295	Sostantivo	<TEXT>
papà	294	Sostantivo	<TEXT>
raggiungere	294	Verbo	to join, to catch up with
assai	294	Avverbio	considerably, greatly, much
vittima	293	Sostantivo	<TEXT>
televisione	293	Sostantivo	<TEXT>
accusa	292	Sostantivo	<TEXT>
comincia	292	Verbo	it / he / she begins
interessi	292	Sostantivo	interests
febbraio	292	Sostantivo	<TEXT>
economia	292	Sostantivo	<TEXT>
spiegato	292	Verbo in Tempo composto di un verbo	explained
fatta	291	Verbo in Tempo composto di un verbo	made
mezzi	291	Sostantivo	halfs
battaglia	291	Sostantivo	battles
associazione	291	Sostantivo	association, organization
chiedere	291	Verbo	to ask
piacere	291	Sostantivo	to please
modello	291	Sostantivo	example, model, design
ha dato	290	Verbo	it / he / she has given
tema	290	Sostantivo	<TEXT>
assessore	290	Sostantivo	<TEXT>
armi	290	Sostantivo	weapons
sicuro	290	Aggettivo	safe, certain, sure
veramente	289	Avverbio	truly, really, actually
pubblici	289	Aggettivo	<TEXT>
omicidio	288	Sostantivo	<TEXT>
affari	288	Sostantivo	affairs
sorta	288	Sostantivo	kind, sort
tribunale	287	Sostantivo	<TEXT>
olio	287	Sostantivo	<TEXT>
grave	287	Aggettivo	serious
cielo	287	Sostantivo	<TEXT>
mette	286	Verbo	it / he / she puts
sorpresa	286	Sostantivo	surprise
spirito	286	Sostantivo	spirit
sembrano	286	Verbo	they seem
diventato	286	Verbo in Tempo composto di un verbo	become
vento	285	Sostantivo	wind
ingresso	284	Sostantivo	entrance
aziende	284	Sostantivo	<TEXT>
giornalisti	284	Sostantivo	<TEXT>
passa	283	Verbo	it / he / she passes, goes past
certe	282	Aggettivo	certain
campionato	282	Sostantivo	<TEXT>
davanti a	282	Preposizione	in front of
medici	282	Sostantivo	<TEXT>
dubbio	281	Sostantivo	uncertain
bambina	281	Sostantivo	<TEXT>
sanno	281	Verbo	they know
vinto	281	Verbo in Tempo composto di un verbo	<TEXT>
novità	281	Sostantivo	novelty
centrale	280	Aggettivo	central
civile	280	Aggettivo	civil
telefono	280	Sostantivo	<TEXT>
posti	280	Sostantivo	places, positions
compito	279	Sostantivo	task, assignment
andato	279	Verbo in Tempo composto di un verbo	gone
classe	279	Sostantivo	classes, formes
purtroppo	278	Avverbio	unfortunately
corte	278	Sostantivo	<TEXT>
termine	277	Sostantivo	conclusion, end
passione	277	Sostantivo	passion
chissà	277	Avverbio	<TEXT>
migliaia	276	Sostantivo	about a thousand, numbering in the thousands
finché	276	Congiunzione	until, as long as
università	276	Sostantivo	<TEXT>
capace	276	Aggettivo	capable
studi	276	Sostantivo	<TEXT>
effetti	275	Sostantivo	<TEXT>
prezzi	275	Sostantivo	<TEXT>
pezzi	275	Sostantivo	pieces
mostra	275	Sostantivo	<TEXT>
motivi	275	Sostantivo	motives
causa	275	Sostantivo	cause
dottor	275	Sostantivo	<TEXT>
ragioni	274	Sostantivo	reasons
chiese	274	Verbo	<TEXT>
